<metadata xml:lang="ar"><Esri><CreaDate>20180507</CreaDate><CreaTime>12320100</CreaTime><ArcGISFormat>1.0</ArcGISFormat><SyncOnce>FALSE</SyncOnce><DataProperties><itemProps><itemName Sync="TRUE">Locality2017</itemName><imsContentType Sync="TRUE">002</imsContentType><itemLocation><linkage Sync="TRUE">file://\\DESKTOP-9MO1IF6\C$\Export\Locality2017.shp</linkage><protocol Sync="TRUE">Local Area Network</protocol></itemLocation><itemSize Sync="TRUE">0.000</itemSize></itemProps><coordRef><type Sync="TRUE">Geographic</type><geogcsn Sync="TRUE">GCS_WGS_1984</geogcsn><csUnits Sync="TRUE">Angular Unit: Degree (0.017453)</csUnits><peXml Sync="TRUE">&lt;GeographicCoordinateSystem xsi:type='typens:GeographicCoordinateSystem' xmlns:xsi='http://www.w3.org/2001/XMLSchema-instance' xmlns:xs='http://www.w3.org/2001/XMLSchema' xmlns:typens='http://www.esri.com/schemas/ArcGIS/10.6'&gt;&lt;WKT&gt;GEOGCS[&amp;quot;GCS_WGS_1984&amp;quot;,DATUM[&amp;quot;D_WGS_1984&amp;quot;,SPHEROID[&amp;quot;WGS_1984&amp;quot;,6378137.0,298.257223563]],PRIMEM[&amp;quot;Greenwich&amp;quot;,0.0],UNIT[&amp;quot;Degree&amp;quot;,0.0174532925199433],AUTHORITY[&amp;quot;EPSG&amp;quot;,4326]]&lt;/WKT&gt;&lt;XOrigin&gt;-400&lt;/XOrigin&gt;&lt;YOrigin&gt;-400&lt;/YOrigin&gt;&lt;XYScale&gt;11258999068426.238&lt;/XYScale&gt;&lt;ZOrigin&gt;-100000&lt;/ZOrigin&gt;&lt;ZScale&gt;10000&lt;/ZScale&gt;&lt;MOrigin&gt;-100000&lt;/MOrigin&gt;&lt;MScale&gt;10000&lt;/MScale&gt;&lt;XYTolerance&gt;8.983152841195215e-09&lt;/XYTolerance&gt;&lt;ZTolerance&gt;0.001&lt;/ZTolerance&gt;&lt;MTolerance&gt;0.001&lt;/MTolerance&gt;&lt;HighPrecision&gt;true&lt;/HighPrecision&gt;&lt;LeftLongitude&gt;-180&lt;/LeftLongitude&gt;&lt;WKID&gt;4326&lt;/WKID&gt;&lt;LatestWKID&gt;4326&lt;/LatestWKID&gt;&lt;/GeographicCoordinateSystem&gt;</peXml></coordRef><lineage><Process ToolSource="c:\program files (x86)\arcgis\desktop10.2\ArcToolbox\Toolboxes\Data Management Tools.tbx\CalculateField" Date="20180507" Time="125833">CalculateField Locality2017_PolygonPCBS Loc_Code x VB "dim x\nx =Right( [LOCCODE],6 )\n"</Process><Process ToolSource="c:\program files (x86)\arcgis\desktop10.2\ArcToolbox\Toolboxes\Data Management Tools.tbx\CalculateField" Date="20180507" Time="125947">CalculateField Locality2017_PolygonPCBS Loc_Code x VB "dim x\nx =Right( [LOCCODE],6 )\n"</Process><Process ToolSource="c:\program files (x86)\arcgis\desktop10.2\ArcToolbox\Toolboxes\Data Management Tools.tbx\CalculateField" Date="20180507" Time="130117">CalculateField Locality2017_PolygonPCBS Locality_Code [Loc_Code] VB #</Process><Process ToolSource="c:\program files (x86)\arcgis\desktop10.6\ArcToolbox\Toolboxes\Conversion Tools.tbx\FeatureClassToFeatureClass" Date="20180904" Time="084812">FeatureClassToFeatureClass G:\خدمات_جمهور\2018\OCHA\PCBS.gdb\PCBS\Locality2017_PolygonPCBS "G:\خدمات_جمهور\2018\الحكم المحلي\التجمعات السكانية\PCBS_Population.gdb\PCBS" Locality2017_PolygonPCBS # "NAMEAR "الاسم بالعربية" true true false 50 Text 0 0 ,First,#,G:\خدمات_جمهور\2018\OCHA\PCBS.gdb\PCBS\Locality2017_PolygonPCBS,NAMEAR,-1,-1;NAMEEN "الاسم بالإنجليزية" true true false 50 Text 0 0 ,First,#,G:\خدمات_جمهور\2018\OCHA\PCBS.gdb\PCBS\Locality2017_PolygonPCBS,NAMEEN,-1,-1;NOTES "ملاحظات" true true false 255 Text 0 0 ,First,#,G:\خدمات_جمهور\2018\OCHA\PCBS.gdb\PCBS\Locality2017_PolygonPCBS,NOTES,-1,-1;Locality_Code "Locality_Code" true true false 50 Text 0 0 ,First,#,G:\خدمات_جمهور\2018\OCHA\PCBS.gdb\PCBS\Locality2017_PolygonPCBS,Locality_Code,-1,-1;Shape_Length "Shape_Length" false true true 8 Double 0 0 ,First,#,G:\خدمات_جمهور\2018\OCHA\PCBS.gdb\PCBS\Locality2017_PolygonPCBS,Shape_Length,-1,-1;Shape_Area "Shape_Area" false true true 8 Double 0 0 ,First,#,G:\خدمات_جمهور\2018\OCHA\PCBS.gdb\PCBS\Locality2017_PolygonPCBS,Shape_Area,-1,-1" #</Process><Process ToolSource="c:\program files (x86)\arcgis\desktop10.6\ArcToolbox\Toolboxes\Conversion Tools.tbx\FeatureClassToFeatureClass" Date="20190502" Time="100747">FeatureClassToFeatureClass "G:\خدمات_جمهور\2019\حدود التجمعات السكانية 2017 نهائي\PCBS_Locality.gdb\PCBS\Locality2017_PCBS" "G:\خدمات_جمهور\2019\Leo van Wissen\New File Geodatabase.gdb\Feature" Locality2017 # "NAMEAR "الاسم بالعربية" true true false 50 Text 0 0 ,First,#,G:\خدمات_جمهور\2019\حدود التجمعات السكانية 2017 نهائي\PCBS_Locality.gdb\PCBS\Locality2017_PCBS,NAMEAR,-1,-1;NAMEEN "الاسم بالإنجليزية" true true false 50 Text 0 0 ,First,#,G:\خدمات_جمهور\2019\حدود التجمعات السكانية 2017 نهائي\PCBS_Locality.gdb\PCBS\Locality2017_PCBS,NAMEEN,-1,-1;NOTES "ملاحظات" true true false 255 Text 0 0 ,First,#,G:\خدمات_جمهور\2019\حدود التجمعات السكانية 2017 نهائي\PCBS_Locality.gdb\PCBS\Locality2017_PCBS,NOTES,-1,-1;Locality_Code "Locality_Code" true true false 50 Text 0 0 ,First,#,G:\خدمات_جمهور\2019\حدود التجمعات السكانية 2017 نهائي\PCBS_Locality.gdb\PCBS\Locality2017_PCBS,Locality_Code,-1,-1;Shape_Length "Shape_Length" false true true 8 Double 0 0 ,First,#,G:\خدمات_جمهور\2019\حدود التجمعات السكانية 2017 نهائي\PCBS_Locality.gdb\PCBS\Locality2017_PCBS,Shape_Length,-1,-1;Shape_Area "Shape_Area" false true true 8 Double 0 0 ,First,#,G:\خدمات_جمهور\2019\حدود التجمعات السكانية 2017 نهائي\PCBS_Locality.gdb\PCBS\Locality2017_PCBS,Shape_Area,-1,-1" #</Process></lineage></DataProperties><SyncDate>20190509</SyncDate><SyncTime>11543500</SyncTime><ModDate>20190509</ModDate><ModTime>11543500</ModTime></Esri><dataIdInfo><envirDesc Sync="TRUE"> Version 6.2 (Build 9200) ; Esri ArcGIS 10.6.0.8321</envirDesc><dataLang><languageCode value="eng" Sync="TRUE"></languageCode><countryCode value="USA" Sync="TRUE"></countryCode></dataLang><idCitation><resTitle Sync="TRUE">Locality2017</resTitle><presForm><PresFormCd value="005" Sync="TRUE"></PresFormCd></presForm></idCitation><spatRpType><SpatRepTypCd value="001" Sync="TRUE"></SpatRepTypCd></spatRpType></dataIdInfo><mdLang><languageCode value="eng" Sync="TRUE"></languageCode><countryCode value="USA" Sync="TRUE"></countryCode></mdLang><distInfo><distFormat><formatName Sync="TRUE">Shapefile</formatName></distFormat><distTranOps><transSize Sync="TRUE">0.000</transSize></distTranOps></distInfo><mdHrLv><ScopeCd value="005" Sync="TRUE"></ScopeCd></mdHrLv><mdHrLvName Sync="TRUE">dataset</mdHrLvName><refSysInfo><RefSystem><refSysID><identCode code="4326" Sync="TRUE"></identCode><idCodeSpace Sync="TRUE">EPSG</idCodeSpace><idVersion Sync="TRUE">6.14(3.0.1)</idVersion></refSysID></RefSystem></refSysInfo><spatRepInfo><VectSpatRep><geometObjs Name="Locality2017"><geoObjTyp><GeoObjTypCd value="002" Sync="TRUE"></GeoObjTypCd></geoObjTyp><geoObjCnt Sync="TRUE">0</geoObjCnt></geometObjs><topLvl><TopoLevCd value="001" Sync="TRUE"></TopoLevCd></topLvl></VectSpatRep></spatRepInfo><spdoinfo><ptvctinf><esriterm Name="Locality2017"><efeatyp Sync="TRUE">Simple</efeatyp><efeageom code="4" Sync="TRUE"></efeageom><esritopo Sync="TRUE">FALSE</esritopo><efeacnt Sync="TRUE">0</efeacnt><spindex Sync="TRUE">FALSE</spindex><linrefer Sync="TRUE">FALSE</linrefer></esriterm></ptvctinf></spdoinfo><eainfo><detailed Name="Locality2017"><enttyp><enttypl Sync="TRUE">Locality2017</enttypl><enttypt Sync="TRUE">Feature Class</enttypt><enttypc Sync="TRUE">0</enttypc></enttyp><attr><attrlabl Sync="TRUE">FID</attrlabl><attalias Sync="TRUE">FID</attalias><attrtype Sync="TRUE">OID</attrtype><attwidth Sync="TRUE">4</attwidth><atprecis Sync="TRUE">0</atprecis><attscale Sync="TRUE">0</attscale><attrdef Sync="TRUE">Internal feature number.</attrdef><attrdefs Sync="TRUE">Esri</attrdefs><attrdomv><udom Sync="TRUE">Sequential unique whole numbers that are automatically generated.</udom></attrdomv></attr><attr><attrlabl Sync="TRUE">Shape</attrlabl><attalias Sync="TRUE">Shape</attalias><attrtype Sync="TRUE">Geometry</attrtype><attwidth Sync="TRUE">0</attwidth><atprecis Sync="TRUE">0</atprecis><attscale Sync="TRUE">0</attscale><attrdef Sync="TRUE">Feature geometry.</attrdef><attrdefs Sync="TRUE">Esri</attrdefs><attrdomv><udom Sync="TRUE">Coordinates defining the features.</udom></attrdomv></attr><attr><attrlabl Sync="TRUE">NAMEAR</attrlabl><attalias Sync="TRUE">NAMEAR</attalias><attrtype Sync="TRUE">String</attrtype><attwidth Sync="TRUE">50</attwidth><atprecis Sync="TRUE">0</atprecis><attscale Sync="TRUE">0</attscale></attr><attr><attrlabl Sync="TRUE">NAMEEN</attrlabl><attalias Sync="TRUE">NAMEEN</attalias><attrtype Sync="TRUE">String</attrtype><attwidth Sync="TRUE">50</attwidth><atprecis Sync="TRUE">0</atprecis><attscale Sync="TRUE">0</attscale></attr><attr><attrlabl Sync="TRUE">NOTES</attrlabl><attalias Sync="TRUE">NOTES</attalias><attrtype Sync="TRUE">String</attrtype><attwidth Sync="TRUE">254</attwidth><atprecis Sync="TRUE">0</atprecis><attscale Sync="TRUE">0</attscale></attr><attr><attrlabl Sync="TRUE">Locality_C</attrlabl><attalias Sync="TRUE">Locality_C</attalias><attrtype Sync="TRUE">String</attrtype><attwidth Sync="TRUE">50</attwidth><atprecis Sync="TRUE">0</atprecis><attscale Sync="TRUE">0</attscale></attr><attr><attrlabl Sync="TRUE">Shape_Leng</attrlabl><attalias Sync="TRUE">Shape_Leng</attalias><attrtype Sync="TRUE">Double</attrtype><attwidth Sync="TRUE">19</attwidth><atprecis Sync="TRUE">0</atprecis><attscale Sync="TRUE">0</attscale></attr><attr><attrlabl Sync="TRUE">Shape_Area</attrlabl><attalias Sync="TRUE">Shape_Area</attalias><attrtype Sync="TRUE">Double</attrtype><attwidth Sync="TRUE">19</attwidth><atprecis Sync="TRUE">0</atprecis><attscale Sync="TRUE">0</attscale><attrdef Sync="TRUE">Area of feature in internal units squared.</attrdef><attrdefs Sync="TRUE">Esri</attrdefs><attrdomv><udom Sync="TRUE">Positive real numbers that are automatically generated.</udom></attrdomv></attr></detailed></eainfo><mdDateSt Sync="TRUE">20190509</mdDateSt></metadata>
